<?xml version="1.0" encoding="UTF-8" standalone="yes"?>
<addon id="plugin.video.okru" name="OK.ru addon" version="0.0.1" provider-name="Porryman">
  <requires>
    <import addon="xbmc.python" version="3.0.0" />
  </requires>
  <extension point="xbmc.python.pluginsource" library="addon.py">
    <provides>video</provides>
  </extension>
  <extension point="xbmc.addon.metadata">
    <summary lang="es_ES">Addon para ver vídeos de OK.ru</summary>
    <description lang="es_ES">Este addon se conecta a ok.ru para ver vídeos alojados alli</description>
    <disclaimer lang="es_ES">No me hago responsable del uso que se hace de él</disclaimer>
    <platform>all</platform>
    <license>GPL-2.0-or-later</license>
    <source>https://github.com/trilo-byte/plugin.addon.okru</source>
    <news>v0.0.1 (26/08/2023)
      [new] version inical
      [fix] aun nada
    </news>
    <assets>
        <icon>resources/icon.png</icon>
        <fanart>resources/fanart.jpg</fanart>
    </assets>
  </extension>
</addon>